visitorid,itemid,interaction_count,time_between_interaction,item_count,property_count,category_count,avg_interaction_time,time_on_platform,time_between_actions,user_count,event_count,conversion rate
1879,93761,0.16666666666666666,295119,7,0,0,0.5720256437990798,0.5199300937201956,994616898.5,5,1,0.0
2019,445559,0.16666666666666666,51288610,2,0,0,0.22809682271898168,0.004468469525686186,51288610.0,3,1,0.0
6958,268049,0.16666666666666666,56606,4,0,0,0.47612963524254326,0.03338478621688419,127728988.66666667,2,1,0.0
6958,431417,0.16666666666666666,538735,4,0,0,0.47612963524254326,0.03338478621688419,127728988.66666667,2,1,0.0
11926,409498,0.16666666666666666,76264563,2,0,0,0.37807073971045213,0.006644474780175837,76264563.0,2,1,0.0
18424,10552,0.16666666666666666,440697765,3,0,0,0.7197468836463088,0.038395357818051846,220348882.5,2,1,0.0
19702,361253,0.16666666666666666,350603622,5,0,0,0.4681076351429141,0.8278661091316585,2375539419.0,2,1,0.0
28273,102131,0.16666666666666666,3015863571,2,0,0,0.8081540212916991,0.262754137042135,3015863571.0,3,1,0.0
32252,133138,0.33333333333333337,8768217053,3,0,0,0.5107493698512258,0.7639222567336575,4384108526.5,3,1,0.0
32277,354753,0.6666666666666666,1110268165,5,0,0,0.7795388883301655,0.0967310180689635,277567041.25,5,1,0.0
34453,441668,0.33333333333333337,23175,3,0,0,0.04768963732276177,2.0190990018598155e-06,11587.5,34,2,0.0
34893,188709,0.16666666666666666,271851314,4,0,0,0.7971059038951722,0.22584974221687348,864092972.6666666,2,1,0.0
37581,71442,0.16666666666666666,1315466212,2,0,0,0.0878024697711055,0.11460869538854423,1315466212.0,4,1,0.0
41702,29659,0.16666666666666666,55459043,4,0,0,0.6648513786009289,0.1408387336783256,538843918.3333334,3,1,0.0
41866,375492,0.16666666666666666,156515793,2,0,0,0.4563825937211874,0.013636283987986948,156515793.0,9,1,0.0
45018,444593,0.16666666666666666,360015893,2,0,0,0.17278866320307884,0.031366029351023526,360015893.0,13,2,0.0
53842,320130,0.16666666666666666,26214718,12,0,0,0.04114764120555492,0.08305523414444722,86663545.0909091,28,3,0.25
54791,296619,0.5,8733602519,7,0,0,0.22922258710715937,0.7787532828542651,1489740994.5,10,1,0.0
55705,223777,0.16666666666666666,69494,2,0,0,0.46035029353811296,6.054596161175665e-06,69494.0,3,1,0.0
60710,391586,0.16666666666666666,337028851,2,0,0,0.30922801741354533,0.029363306004403907,337028851.0,3,1,0.0
64763,44759,0.16666666666666666,379415,3,0,0,0.3807908705533123,4.8748499008009604e-05,279765.0,3,2,0.0
65964,442423,0.16666666666666666,645854179,3,0,0,0.9240348541586201,0.08929204878488095,512442240.0,2,1,0.0
66643,342530,0.16666666666666666,785678584,3,0,0,0.574331376515218,0.12083588360965479,693470602.5,10,1,0.0
75062,83528,0.16666666666666666,52793864,2,0,0,0.26730778735992544,0.004599613294788473,52793864.0,5,1,0.0
76806,372188,0.16666666666666666,372015,2,0,0,0.03991304535099971,3.241143970558271e-05,372015.0,6,2,0.0
77240,171365,0.16666666666666666,19655,2,0,0,0.23006944096744064,1.7124224760109893e-06,19655.0,2,1,0.0
77390,122604,0.16666666666666666,2317082424,16,0,0,0.2349879320691315,0.41545408074480206,317902467.46666664,19,2,0.0
78083,212319,0.16666666666666666,82525688,2,0,0,0.7413650028153569,0.00718996911622846,82525688.0,3,1,0.0
79627,162139,0.16666666666666666,2071790165,25,0,0,0.7410433584016687,0.8598042040744751,411197486.5,10,1,0.0
86834,455357,0.16666666666666666,605909335,2,0,0,0.8581092994683246,0.05278925279465133,605909335.0,2,1,0.0
93232,314789,0.16666666666666666,331838,2,0,0,0.032638732733317966,2.8911058234267853e-05,331838.0,7,2,0.0
93654,179856,0.16666666666666666,59958,2,0,0,0.8322194365385229,5.223781572967026e-06,59958.0,4,1,0.0
95405,357385,0.16666666666666666,91906566,7,0,0,0.38631415651586565,0.15740735501602754,301117433.1666667,2,1,0.0
97112,53151,0.6666666666666666,8292849825,5,0,0,0.359489515687045,0.7225063561696158,2073212456.25,6,1,0.0
97958,167399,0.33333333333333337,769491398,3,0,0,0.3310478204675178,0.0670411785821581,384745699.0,3,1,0.0
98499,283971,0.16666666666666666,1689745,4,0,0,0.021065042349832197,0.0002226176227258324,851727.0,4,2,0.0
99610,141240,0.16666666666666666,85771586,2,0,0,0.024640572535190586,0.0074727647758590435,85771586.0,7,1,0.0
101821,342331,0.16666666666666666,201496,2,0,0,0.8702311200769515,1.7555140128532703e-05,201496.0,3,3,1.0
103708,416556,0.16666666666666666,2522610236,2,0,0,0.3148077510132481,0.21977992705885455,2522610236.0,4,2,0.0
104623,172894,0.16666666666666666,2429848,2,0,0,0.6457743524647697,0.00021169810880134062,2429848.0,10,1,0.0
104829,335975,0.16666666666666666,160838943,3,0,0,0.6701802713464815,0.6018700857840397,3454099879.5,36,1,0.0
108346,367262,0.16666666666666666,16057731,3,0,0,0.4991488586652224,0.001399013964799716,8028865.5,4,1,0.0
109785,138273,0.16666666666666666,2283814,2,0,0,0.2301493680268436,0.0001989750406832135,2283814.0,2,1,0.0
111209,238911,0.16666666666666666,2611951,2,0,0,0.6418676003546864,0.00022756365294527496,2611951.0,2,2,0.0
115977,309778,0.16666666666666666,383669,2,0,0,0.3779696563430264,3.3426782953378795e-05,383669.0,32,2,0.0
121906,329146,0.16666666666666666,32195866,2,0,0,0.08566958822342485,0.002805033048742713,32195866.0,4,1,0.0
123595,144513,0.16666666666666666,299456541,2,0,0,0.728410877834051,0.02608985557857575,299456541.0,2,1,0.0
124267,379092,0.16666666666666666,3853597,2,0,0,0.7456113305339898,0.0003357408352220056,3853597.0,5,1,0.0
129888,243980,0.16666666666666666,108692504,2,0,0,0.11438168851719865,0.00946972713424138,108692504.0,8,1,0.0
132171,31880,0.16666666666666666,21970084,2,0,0,0.31092937183312586,0.0019141218845815018,21970084.0,2,1,0.0
137779,191763,0.16666666666666666,39688865,2,0,0,0.6545382968512428,0.003457853191216784,39688865.0,2,1,0.0
142991,43441,0.16666666666666666,70449341,2,0,0,0.6634440117806548,0.006137829302903205,70449341.0,3,1,0.0
145721,180018,0.33333333333333337,337579435,3,0,0,0.6635547080705493,0.02941127509199139,168789717.5,7,1,0.0
147828,152120,0.16666666666666666,572068,2,0,0,0.20222743126416276,4.984085988332e-05,572068.0,5,2,0.0
150051,235224,0.16666666666666666,1113318378,2,0,0,0.14551503958027467,0.09699676486610524,1113318378.0,12,1,0.0
153281,335193,0.16666666666666666,888190,2,0,0,0.8979478316312708,7.738267712888326e-05,888190.0,5,1,0.0
157204,114024,0.16666666666666666,1731006,2,0,0,0.8828504164371225,0.00015081218929075953,1731006.0,4,1,0.0
157844,446820,0.16666666666666666,11132586,3,0,0,0.33301484683556737,0.014437717919531112,82857282.5,7,1,0.0
165016,6853,0.16666666666666666,89948,2,0,0,0.10619406131570486,7.836630723593817e-06,89948.0,2,1,0.0
169586,403302,0.16666666666666666,254396,6,0,0,0.4199031438917018,0.19411273245833555,445600990.4,2,1,0.0
173863,422494,0.16666666666666666,149519,23,0,0,0.8236611554518873,0.3528119419524822,184069878.04545453,2,2,0.0
174331,178451,0.5,987337411,5,0,0,0.21610171629103547,0.08602079745626556,246834352.75,5,1,0.0
174396,254290,0.33333333333333337,680323241,3,0,0,0.7992169293652154,0.059272490910253925,340161620.5,5,1,0.0
174972,337327,0.16666666666666666,4068918841,4,0,0,0.6934612942797145,0.38911606644209,1488744044.0,7,1,0.0
178180,333289,0.16666666666666666,4221801,2,0,0,0.004477687883024828,0.00036782024531394915,4221801.0,6,1,0.0
180516,359990,0.16666666666666666,39707,2,0,0,0.7803662491478036,3.4594331851929967e-06,39707.0,6,1,0.0
192260,451023,0.16666666666666666,628190662,2,0,0,0.40714619525482476,0.05473049141841885,628190662.0,3,1,0.0
196502,415653,0.16666666666666666,6116247,2,0,0,0.22267833991165276,0.000532871983293553,6116247.0,3,2,0.0
198971,132683,0.16666666666666666,223749,2,0,0,0.3671386474756275,1.9493910790383252e-05,223749.0,6,3,1.0
200161,175749,0.16666666666666666,33529,2,0,0,0.01947121747198821,2.9211810327230962e-06,33529.0,3,2,0.0
200863,9877,0.16666666666666666,1313554809,2,0,0,0.5525868291318545,0.11444216628867576,1313554809.0,17,1,0.0
202410,355511,0.16666666666666666,4712613451,3,0,0,0.3321177549102572,0.4106190033044432,2356520258.0,3,1,0.0
204832,119360,0.16666666666666666,68651894,3,0,0,0.6092400697926053,0.005981228507063036,34325947.0,2,1,0.0
207962,161703,0.16666666666666666,111171324,2,0,0,0.3141445348080083,0.009685691880208593,111171324.0,2,1,0.0
209844,323328,0.16666666666666666,353554751,2,0,0,0.5941687813208176,0.030803108731257633,353554751.0,2,1,0.0
213772,363109,0.16666666666666666,98523935,2,0,0,0.7874731832482382,0.008583800596237383,98523935.0,5,1,0.0
221202,2716,0.16666666666666666,172514173,2,0,0,0.07864774137617303,0.015030127055489603,172514173.0,2,1,0.0
222604,89893,0.6666666666666666,480061401,5,0,0,0.37162287806800975,0.04182487575363645,120015350.25,5,1,0.0
223701,51992,0.16666666666666666,679613,2,0,0,0.41031579921997263,5.921061186411887e-05,679613.0,2,1,0.0
226340,192710,0.16666666666666666,650568,2,0,0,0.6855213021547542,5.668009490580093e-05,650568.0,9,1,0.0
230964,48926,0.16666666666666666,1578747442,2,0,0,0.3462252731414992,0.13754681270036406,1578747442.0,2,1,0.0
233567,39238,0.16666666666666666,1470586672,2,0,0,0.8086417485101549,0.12812341236606464,1470586672.0,2,1,0.0
234546,81554,0.16666666666666666,967631553,2,0,0,0.07604075231593299,0.08430394402720014,967631553.0,7,1,0.0
244153,397919,0.16666666666666666,5669782,2,0,0,0.5346971905448044,0.0004939741608182416,5669782.0,2,1,0.0
256367,248679,0.5,591761347,4,0,0,0.22688807607497097,0.05155662330385847,197253782.33333334,4,1,0.0
260726,463280,0.16666666666666666,440332334,2,0,0,0.2988336339688402,0.038363520002848026,440332334.0,7,1,0.0
262357,44826,0.16666666666666666,1385703647,4,0,0,0.6591656562918615,0.13694641211431083,523952036.3333333,6,1,0.0
262805,178891,0.33333333333333337,1121234491,4,0,0,0.21058533016127967,0.09768644839822647,373744830.3333333,4,1,0.0
265871,428002,0.16666666666666666,223246103,2,0,0,0.10931533879922029,0.019450096385604902,223246103.0,3,1,0.0
265897,47000,0.16666666666666666,8599476,2,0,0,0.541975144436023,0.0007492208590341937,8599476.0,2,2,0.0
280692,207420,0.16666666666666666,393540,2,0,0,0.2874026363882791,3.428678408595089e-05,393540.0,2,1,0.0
283414,299677,0.16666666666666666,221749679,3,0,0,0.4846153255057857,0.020248944476442477,116207597.5,8,2,0.0
285368,40870,0.16666666666666666,291127324,3,0,0,0.39604218616646847,0.04718288546001488,270780028.5,5,1,0.0
286652,287840,0.16666666666666666,11910,2,0,0,0.7300204109488249,1.037646995130546e-06,11910.0,2,1,0.0
289399,84475,0.16666666666666666,499585685,2,0,0,0.14472663090759852,0.04352590972716083,499585685.0,4,2,0.0
294255,399192,0.16666666666666666,2017106,2,0,0,0.5983494962483746,0.0001757383694172792,2017106.0,4,3,1.0
295217,237422,0.16666666666666666,55847,2,0,0,0.14253011474237098,4.865614755420286e-06,55847.0,7,3,1.0
297054,215795,0.16666666666666666,1531477,2,0,0,0.6714130197314887,0.00013342842209584745,1531477.0,6,1,0.0
313536,101356,0.16666666666666666,1466156801,2,0,0,0.18773310087426864,0.12773746422736054,1466156801.0,2,1,0.0
315016,64521,0.16666666666666666,516309,2,0,0,0.17859699301799026,4.4982912041045935e-05,516309.0,4,1,0.0
315316,256873,0.16666666666666666,86189501,2,0,0,0.49440736348350356,0.007509175207762484,86189501.0,2,1,0.0
318012,76426,0.16666666666666666,178632477,2,0,0,0.5208536718659218,0.015563178252877948,178632477.0,8,1,0.0
320009,295098,0.16666666666666666,271846,2,0,0,0.6148947730937664,2.3684314444857968e-05,271846.0,2,1,0.0
324319,320494,0.16666666666666666,1081038526,3,0,0,0.5997560995825637,0.1846960549613772,1059960673.0,18,2,0.0
327241,266474,0.16666666666666666,26876,2,0,0,0.31019381352408004,2.3415449740662094e-06,26876.0,2,1,0.0
332722,444888,0.16666666666666666,6814820320,3,0,0,0.6759370758846757,0.5937344943243146,3407410160.0,3,1,0.0
336940,51234,0.16666666666666666,133287612,3,0,0,0.48110604736588414,0.012156023308956666,69762760.5,2,1,0.0
340701,57209,0.16666666666666666,602645528,2,0,0,0.061057021207176376,0.05250489683107148,602645528.0,3,1,0.0
347788,445105,0.16666666666666666,1331871,2,0,0,0.11544787980716364,0.00011603794635193245,1331871.0,16,3,0.3333333333333333
350566,119736,0.16666666666666666,2435999580,26,0,0,0.12942150154722754,0.22638792266628066,103938243.8,17,2,0.0
351730,416017,0.16666666666666666,526628,2,0,0,0.6496952428750689,4.5881944731453335e-05,526628.0,8,2,0.0
354041,263692,0.6666666666666666,5067434624,7,0,0,0.20191700037818805,0.44149524018590164,844572437.3333334,6,2,0.0
357464,409804,0.16666666666666666,10372,2,0,0,0.5275594061634337,9.036502630977349e-07,10372.0,12,2,0.0
363660,357949,0.5,1391617428,4,0,0,0.876160398638163,0.1212432949232157,463872476.0,4,1,0.0
364012,441645,0.16666666666666666,576783,2,0,0,0.22192890176080482,5.025164960473398e-05,576783.0,6,1,0.0
366092,454806,0.16666666666666666,10980,2,0,0,0.9142292931819753,9.566216630170777e-07,10980.0,2,1,0.0
368323,451281,0.16666666666666666,1291050411,2,0,0,0.28992978209558373,0.1124814928241987,1291050411.0,4,1,0.0
370800,18303,0.16666666666666666,133159978,2,0,0,0.10570948755831466,0.011601431657711974,133159978.0,3,1,0.0
374924,81252,0.16666666666666666,356716175,2,0,0,0.0793665879980665,0.031078544677011922,356716175.0,2,1,0.0
377066,317243,0.16666666666666666,41989,2,0,0,0.7154283487215736,3.6582501829165825e-06,41989.0,2,1,0.0
378396,117730,0.16666666666666666,1025756,2,0,0,0.2591061343755001,8.936797910471271e-05,1025756.0,2,2,0.0
385324,10220,0.16666666666666666,149381,2,0,0,0.2389639545783382,1.3014672189722594e-05,149381.0,2,1,0.0
388043,189926,0.16666666666666666,904923,2,0,0,0.045648067250425584,7.884052323883451e-05,904923.0,4,1,0.0
388556,61345,0.16666666666666666,784665231,6,0,0,0.20063351193695667,0.32638923552932053,749252070.0,2,1,0.0
388556,129457,0.16666666666666666,3746260350,6,0,0,0.20063351193695667,0.32638923552932053,749252070.0,2,1,0.0
389135,275490,0.16666666666666666,77649621,3,0,0,0.38136510755973063,0.015299003869923288,87800156.0,2,1,0.0
389532,369447,0.16666666666666666,512099397,24,0,0,0.07738138572261732,0.11944957075772193,59609967.652173914,21,3,1.0
389845,75191,0.16666666666666666,51259,3,0,0,0.3702823347814075,0.0768490037789179,441032277.5,4,1,0.0
391789,60433,0.16666666666666666,158617289,2,0,0,0.9696076865392342,0.013819374752863427,158617289.0,2,1,0.0
392033,408737,0.16666666666666666,34949,2,0,0,0.858203531569913,3.0448971312189298e-06,34949.0,5,1,0.0
392490,219674,0.16666666666666666,171265196,2,0,0,0.7864079902292644,0.014921311167073384,171265196.0,2,1,0.0
394049,7943,0.5,3402151730,4,0,0,0.3999654099226717,0.296409111638345,1134050576.6666667,20,2,0.0
394122,338794,0.16666666666666666,2509649,2,0,0,0.694637132788742,0.0002186506921647674,2509649.0,2,1,0.0
401024,138189,0.16666666666666666,5022218,2,0,0,0.23344370281570548,0.0004375557864475685,5022218.0,4,1,0.0
402690,36764,0.16666666666666666,2242140,2,0,0,0.22348003023515162,0.00019534423456439988,2242140.0,3,1,0.0
403148,40870,0.16666666666666666,357249,2,0,0,0.4244388987375345,3.1124966529252096e-05,357249.0,5,1,0.0
413739,187542,0.16666666666666666,25186,2,0,0,0.5930838690528333,2.1943053920535625e-06,25186.0,2,2,0.0
414649,118551,0.16666666666666666,8642349,3,0,0,0.43783547072548856,0.22126986878396415,1269855813.0,15,1,0.0
415968,290361,0.16666666666666666,257699,2,0,0,0.3517499710766714,2.2451771032589974e-05,257699.0,4,1,0.0
416496,312728,0.16666666666666666,3202574507,10,0,0,0.4196619321714934,0.43714094145184423,557495161.5555556,22,2,0.0
417312,387373,0.16666666666666666,548137415,8,0,0,0.11513689980414199,0.05308416557488945,87042044.57142857,10,3,0.5
422864,222580,0.16666666666666666,39842826,2,0,0,0.4224268272291738,0.003471266891386162,39842826.0,2,2,0.0
426244,77267,0.16666666666666666,2166001043,2,0,0,0.2546373896652909,0.18871070308300408,2166001043.0,7,1,0.0
428853,312717,0.16666666666666666,66857,2,0,0,0.3819097011094499,5.8248501388281205e-06,66857.0,9,2,0.0
433089,337195,0.16666666666666666,141830098,2,0,0,0.6736857072362028,0.012356807305522324,141830098.0,3,2,0.0
434778,373346,0.16666666666666666,136718637,2,0,0,0.9191798117602872,0.011911476310780343,136718637.0,2,1,0.0
443946,189961,0.16666666666666666,84587993,2,0,0,0.29248353434172714,0.007369645403910467,84587993.0,2,1,0.0
454619,168611,0.16666666666666666,4844967,2,0,0,0.35989902402009477,0.0004221129680148326,4844967.0,5,1,0.0
454690,315543,0.16666666666666666,1987825,3,0,0,0.17421278558371966,0.012563816051446594,72103061.0,21,1,0.0
455033,48213,0.16666666666666666,285443,2,0,0,0.30077286633475353,2.4868939649962087e-05,285443.0,2,2,0.0
455557,315140,0.16666666666666666,10007788,2,0,0,0.5195481339081311,0.0008719186520657881,10007788.0,2,2,1.0
455562,187374,0.16666666666666666,87451817,2,0,0,0.2776844013796591,0.007619153243388447,87451817.0,6,2,0.0
457524,391049,0.16666666666666666,324480,2,0,0,0.6714520890571407,2.8269999746428177e-05,324480.0,2,2,0.0
457547,122021,0.16666666666666666,148581002,5,0,0,0.4634160034687085,0.06387130510359493,183276983.25,4,1,0.0
458667,61512,0.16666666666666666,2079,2,0,0,0.45399023770531244,1.8113082307946307e-07,2079.0,4,2,0.0
460739,193828,0.16666666666666666,781765106,2,0,0,0.3009606643668974,0.06811051327781803,781765106.0,6,1,0.0
468309,290813,0.16666666666666666,259907286,15,0,0,0.38236410761004436,0.8218209007571343,673769387.7142857,2,1,0.0
472943,240641,0.16666666666666666,22301,2,0,0,0.0633807420663004,1.9429526144757603e-06,22301.0,4,2,0.0
481159,51354,0.16666666666666666,3534055,2,0,0,0.3462808796120669,0.00030790105385189605,3534055.0,9,3,0.5
481228,271515,0.16666666666666666,324329895,2,0,0,0.21605222997149554,0.02825692199645302,324329895.0,3,1,0.0
483471,194831,0.33333333333333337,209005506,3,0,0,0.107297215486156,0.018209398427089782,104502753.0,4,2,0.0
484623,360609,0.16666666666666666,3861943425,2,0,0,0.7890141664224899,0.33646800926241976,3861943425.0,2,1,0.0
490888,214003,0.16666666666666666,4835723,2,0,0,0.5394633524922341,0.0004213075936384273,4835723.0,3,1,0.0
493613,309005,0.16666666666666666,21144382,2,0,0,0.2652588902452351,0.0018421834127785395,21144382.0,2,1,0.0
496019,25845,0.16666666666666666,19761602,2,0,0,0.0995401890079819,0.0017217100700475053,19761602.0,2,1,0.0
500578,30841,0.16666666666666666,102235,4,0,0,0.8318706148244246,0.03229790474500098,123570619.33333333,3,1,0.0
500578,362191,0.16666666666666666,70966,4,0,0,0.8318706148244246,0.03229790474500098,123570619.33333333,5,1,0.0
501896,333600,0.16666666666666666,352596548,2,0,0,0.2531254639185505,0.030719626240604814,352596548.0,2,1,0.0
504264,376933,0.33333333333333337,84780,3,0,0,0.23123533667668994,7.386373824279403e-06,42390.0,3,1,0.0
513910,256721,0.16666666666666666,45562887,2,0,0,0.031645936000899155,0.0039696215604553,45562887.0,6,1,0.0
514220,135446,0.5,5109972981,6,0,0,0.5423166640673145,0.4452013525552417,1021994596.2,5,1,0.0
521081,139332,0.16666666666666666,404676,2,0,0,0.3226720897220332,3.5256997094999905e-05,404676.0,3,1,0.0
521814,12953,0.16666666666666666,5361746,2,0,0,0.6359267375681696,0.0004671368283420004,5361746.0,4,1,0.0
524153,141009,0.16666666666666666,135116,2,0,0,0.10016415643866594,1.177184814391762e-05,135116.0,2,1,0.0
525397,35158,0.16666666666666666,6070706,2,0,0,0.5697179341635348,0.0005289042686163709,6070706.0,2,2,0.0
530559,5940,0.16666666666666666,418530,77,0,0,0.653347644157364,0.6416665666649985,96907624.51315789,2,2,0.0
530559,324079,0.16666666666666666,140878,77,0,0,0.653347644157364,0.6416665666649985,96907624.51315789,2,2,1.0
530559,439963,0.16666666666666666,1987420260,77,0,0,0.653347644157364,0.6416665666649985,96907624.51315789,6,1,0.0
534809,177397,0.16666666666666666,405272,2,0,0,0.30938344653809224,3.530892300676294e-05,405272.0,2,1,0.0
538389,23762,0.16666666666666666,261361779,2,0,0,0.37694087610147164,0.022770887037894528,261361779.0,13,2,0.0
544492,217840,0.16666666666666666,93114,2,0,0,0.00018988545184583927,8.11246534883171e-06,93114.0,2,1,0.0
548772,291152,0.16666666666666666,18254,14,0,0,0.40644611502285954,0.3158386593027338,278858613.61538464,3,2,0.0
555683,133970,0.16666666666666666,22472725,2,0,0,0.41051324090051367,0.001957913985612519,22472725.0,2,1,0.0
558854,156593,0.16666666666666666,8719,2,0,0,0.6747207320394182,7.596342695670219e-07,8719.0,2,1,0.0
560753,211592,0.16666666666666666,35384,2,0,0,0.7738284213138371,3.082796076884907e-06,35384.0,3,2,0.0
561236,60980,0.5,358079286,4,0,0,0.4014943077650628,0.031197304377530762,119359762.0,9,1,0.0
562137,96460,0.16666666666666666,3862583,2,0,0,0.7402670272211225,0.00033652373160305036,3862583.0,4,1,0.0
564738,88129,0.16666666666666666,702689479,3,0,0,0.5313061449194834,0.06804418724781014,390501911.5,4,1,0.0
568481,358819,0.16666666666666666,178661,4,0,0,0.5829994624439934,0.19443543056743565,743902948.6666666,5,1,0.0
571001,224231,0.16666666666666666,68963439,2,0,0,0.9092704943727057,0.006008371557700983,68963439.0,5,1,0.0
571080,44826,0.16666666666666666,84854175,2,0,0,0.8196804981835157,0.00739283624794555,84854175.0,6,1,0.0
578528,262063,0.16666666666666666,19120,4,0,0,0.6954254642342192,0.00015112139241298608,578185.0,2,1,0.0
581174,336903,0.16666666666666666,8740748,3,0,0,0.7888740914248871,0.0029216819086739783,16767374.5,2,1,0.0
584280,71754,0.16666666666666666,518003818,2,0,0,0.16439221145679994,0.04513057138655334,518003818.0,4,1,0.0
587358,279457,0.16666666666666666,1867620,2,0,0,0.3536093465439478,0.00016271454920618894,1867620.0,11,1,0.0
587389,239058,0.16666666666666666,25262207,2,0,0,0.5058520607440329,0.002200944851714177,25262207.0,5,1,0.0
589616,311432,0.16666666666666666,439818357,2,0,0,0.6480675734694614,0.03831874026400535,439818357.0,2,1,0.0
592512,290742,0.16666666666666666,243787317,3,0,0,0.34561492461990895,0.07940702648514002,455712631.5,2,1,0.0
594715,328066,0.16666666666666666,35494,2,0,0,0.3253580759701151,3.092379718317683e-06,35494.0,2,2,0.0
596356,179807,0.33333333333333337,675839379,3,0,0,0.8896840713788805,0.058881838858962574,337919689.5,4,1,0.0
602115,368403,0.33333333333333337,432745835,3,0,0,0.9739824584590053,0.03770255376515609,216372917.5,9,1,0.0
603581,219186,0.16666666666666666,600227341,2,0,0,0.8697109233018239,0.05229421467538603,600227341.0,2,1,0.0
604355,41418,0.16666666666666666,133891025,3,0,0,0.5300344279417573,0.011665123406062032,66945512.5,3,1,0.0
616029,215211,0.16666666666666666,648807,3,0,0,0.4877825843337007,0.17456977328809145,1001846490.0,3,1,0.0
618368,411482,0.16666666666666666,130210653,2,0,0,0.3504487400182512,0.011344474627996324,130210653.0,2,1,0.0
619388,106454,0.16666666666666666,176746,2,0,0,0.9020648509227698,1.5398820806158143e-05,176746.0,4,2,0.0
620082,202492,0.16666666666666666,74157855,2,0,0,0.873758728746381,0.006460929924943471,74157855.0,3,1,0.0
623277,268243,0.16666666666666666,127591983,2,0,0,0.8533841963431001,0.011116325588807532,127591983.0,5,1,0.0
625167,390826,0.16666666666666666,57951898,3,0,0,0.4634482103872415,0.2106571856819483,1208950198.5,3,1,0.0
629627,163309,0.33333333333333337,2159207126,3,0,0,0.585240041086152,0.18811878976980373,1079603563.0,3,1,0.0
631905,431036,0.16666666666666666,192496,4,0,0,0.4353276134472708,0.0011612028725664259,4442720.333333333,2,1,0.0
633489,157592,0.16666666666666666,683263253,2,0,0,0.11226309884342811,0.05952863655403628,683263253.0,2,1,0.0
638420,380944,0.16666666666666666,2549601,2,0,0,0.5056213389463409,0.00022213147073315157,2549601.0,3,1,0.0
643971,51868,0.16666666666666666,68677,2,0,0,0.38886560105265744,5.983415842534047e-06,68677.0,2,1,0.0
644422,404763,0.16666666666666666,684949,2,0,0,0.20049454416296442,5.967550559762152e-05,684949.0,2,2,1.0
644824,159095,0.16666666666666666,35285,2,0,0,0.12381673043407204,3.0741707995954085e-06,35285.0,3,1,0.0
645443,330108,0.16666666666666666,155981,2,0,0,0.36669238125628567,1.3589690675689143e-05,155981.0,2,1,0.0
645525,244494,0.16666666666666666,24494,31,0,0,0.8294885600464141,0.13587302754602945,51984530.56666667,5,2,0.0
648788,255344,0.16666666666666666,128121,2,0,0,0.24678256162231094,1.1162415672806103e-05,128121.0,6,2,0.0
658925,96489,0.16666666666666666,333697817,2,0,0,0.025626263862861265,0.029073092954800407,333697817.0,2,1,0.0
662213,295613,0.16666666666666666,46637,2,0,0,0.001738881927352054,4.0632025954578735e-06,46637.0,3,1,0.0
664354,323175,0.16666666666666666,767631,2,0,0,0.8550503243022831,6.687909324257399e-05,767631.0,3,1,0.0
664833,39601,0.16666666666666666,6501,2,0,0,0.696018511034481,5.663932086770511e-07,6501.0,3,2,0.0
669949,427431,0.16666666666666666,880234,2,0,0,0.5800300573357191,7.66895184812545e-05,880234.0,2,2,0.0
672468,113985,0.16666666666666666,101992,2,0,0,0.9124321827081303,8.885952336469743e-06,101992.0,2,2,0.0
675313,218487,0.16666666666666666,140150017,2,0,0,0.6586493536920273,0.012210431906594873,140150017.0,2,1,0.0
677500,90772,0.16666666666666666,44675,2,0,0,0.25698567279684426,3.892265281902363e-06,44675.0,3,1,0.0
678559,391889,0.16666666666666666,321308,2,0,0,0.9041633481491687,2.799364237711213e-05,321308.0,2,1,0.0
682621,33087,0.16666666666666666,74607162,3,0,0,0.9772763091817467,0.0072195867502083625,41432818.0,2,1,0.0
690046,25178,0.16666666666666666,167955,2,0,0,0.45999208179030404,1.4632913607653304e-05,167955.0,3,1,0.0
691324,444365,0.16666666666666666,3361267,2,0,0,0.2729184832965217,0.0002928470698892918,3361267.0,6,1,0.0
696956,96924,0.16666666666666666,119649043,2,0,0,0.3566909619207479,0.010424304780788873,119649043.0,28,1,0.0
700176,271268,0.16666666666666666,216547328,2,0,0,0.43001436104246693,0.018866472225251785,216547328.0,6,1,0.0
700181,170231,0.16666666666666666,120672,2,0,0,0.11430643899734605,1.051342889978113e-05,120672.0,3,1,0.0
701722,302478,0.16666666666666666,1074056,2,0,0,0.2799427791033082,9.357606893383154e-05,1074056.0,5,3,1.0
705542,407489,0.16666666666666666,166379968,17,0,0,0.49844725573808546,0.2493312533047919,178862322.6875,2,1,0.0
705998,202409,0.16666666666666666,178666,2,0,0,0.424590776124262,1.5566098911166593e-05,178666.0,3,1,0.0
706966,425186,0.16666666666666666,2534642541,2,0,0,0.17591411892293252,0.22082822975639813,2534642541.0,7,1,0.0
710500,179601,0.16666666666666666,622310446,2,0,0,0.10378419102023884,0.05421818340304366,622310446.0,15,2,0.0
711124,137751,0.16666666666666666,1024429,2,0,0,0.9690069505906251,8.925236553942823e-05,1024429.0,4,1,0.0
718180,189159,0.16666666666666666,276156,4,0,0,0.17716263100669494,0.03723249741113762,142450193.0,2,1,0.0
722201,375118,0.16666666666666666,1218165,2,0,0,0.9776978695919354,0.0001061314233268851,1218165.0,7,1,0.0
722706,188698,0.16666666666666666,175031819,4,0,0,0.41678765721029265,0.2711695309288992,1037484850.6666666,8,1,0.0
722706,208000,0.16666666666666666,2059393711,4,0,0,0.41678765721029265,0.2711695309288992,1037484850.6666666,2,1,0.0
727320,77267,0.16666666666666666,43462,3,0,0,0.22519603998361504,0.10491937174385269,602126601.5,7,1,0.0
729726,13556,0.16666666666666666,566040,4,0,0,0.4934270506742138,0.008014474357661837,30663090.0,2,1,0.0
729726,293359,0.16666666666666666,91989270,4,0,0,0.4934270506742138,0.008014474357661837,30663090.0,3,1,0.0
729949,153778,0.16666666666666666,225675,2,0,0,0.8985660421450348,1.9661711639469856e-05,225675.0,14,2,0.0
732249,165030,0.16666666666666666,3457138987,4,0,0,0.3230522386887884,0.4210439721444593,1610899060.3333333,2,1,0.0
732427,250752,0.16666666666666666,202556,2,0,0,0.92623604519342,1.7647491582339453e-05,202556.0,2,1,0.0
732636,144704,0.16666666666666666,165055,2,0,0,0.8094694619853584,1.4380253969880124e-05,165055.0,11,2,0.0
733532,375058,0.33333333333333337,3114818557,3,0,0,0.4301925222759593,0.27137549253131094,1557409278.5,3,1,0.0
741123,129794,0.16666666666666666,931898,2,0,0,0.6129184749896268,8.119069349019023e-05,931898.0,3,2,0.0
745705,267347,0.16666666666666666,1197452,2,0,0,0.3040341728388114,0.00010432682364509342,1197452.0,3,1,0.0
754271,546,0.16666666666666666,9503223,2,0,0,0.7432621912143844,0.0008279589244337105,9503223.0,11,2,0.0
759615,25549,0.16666666666666666,1382914094,2,0,0,0.5796427184609314,0.12048502553843674,1382914094.0,5,1,0.0
760191,462808,0.16666666666666666,70343527,2,0,0,0.198842941625486,0.006128610362588953,70343527.0,3,2,0.0
760257,28284,0.33333333333333337,617180718,3,0,0,0.65405741253916,0.053771260913955746,308590359.0,6,3,1.0
761789,148360,0.16666666666666666,3044095,2,0,0,0.16649679539355589,0.00026521377243005203,3044095.0,7,1,0.0
766687,187374,0.16666666666666666,143698,3,0,0,0.042545040070748996,0.0002800347867818268,1607104.5,6,2,0.0
769035,228217,0.16666666666666666,15795,2,0,0,0.27902397503552834,1.376123785733583e-06,15795.0,3,1,0.0
776534,20388,0.8333333333333334,5477511546,7,0,0,0.30279240000085395,0.4772227872795778,912918591.0,9,3,1.0
777089,221329,0.33333333333333337,1906684591,3,0,0,0.19608882299068853,0.16611801314129843,953342295.5,9,2,0.0
781500,404121,0.16666666666666666,44346,2,0,0,0.49318358687243347,3.8636014816170605e-06,44346.0,2,2,0.0
785174,218746,0.16666666666666666,4097410,2,0,0,0.9558826045527411,0.0003569828022097272,4097410.0,10,2,0.0
790524,222888,0.33333333333333337,1260189724,3,0,0,0.8985913150557963,0.109792785928043,630094862.0,9,1,0.0
797322,250,0.16666666666666666,596875204,2,0,0,0.6314808141531643,0.05200216304773565,596875204.0,2,1,0.0
797488,270865,0.16666666666666666,191174623,3,0,0,0.16519719083804318,0.030162323464322804,173099943.5,2,1,0.0
801373,386112,0.5,1876198723,4,0,0,0.6755367616048176,0.16346196198058083,625399574.3333334,4,1,0.0
807904,185677,0.16666666666666666,40119554,2,0,0,0.9368044379997542,0.0034953765452626095,40119554.0,6,1,0.0
809654,432075,0.16666666666666666,252908,2,0,0,0.27799535084196236,2.2034359886186074e-05,252908.0,2,1,0.0
811745,98425,0.16666666666666666,54426,3,0,0,0.8359810808062775,0.016424876822595812,94261480.0,8,2,0.0
814529,360487,0.16666666666666666,581912,3,0,0,0.35723637654321294,0.0040087282191898325,23005874.5,12,1,0.0
816229,396064,0.6666666666666666,515821175,5,0,0,0.29426598547192384,0.0449404107693919,128955293.75,5,1,0.0
824842,98899,0.16666666666666666,1012707,8,0,0,0.4510286301318587,0.5728173615522444,939247961.7142857,7,1,0.0
825964,212917,0.16666666666666666,177887,2,0,0,0.7517250313786263,1.5498229305019935e-05,177887.0,4,2,0.0
829433,358234,0.16666666666666666,102471,2,0,0,0.7327220315616358,8.927684738708831e-06,102471.0,4,1,0.0
831493,381958,0.16666666666666666,51414597,2,0,0,0.015972244007215863,0.004479446018715196,51414597.0,2,1,0.0
831799,163991,0.16666666666666666,110793102,2,0,0,0.1560700428735089,0.009652739661754164,110793102.0,4,1,0.0
836223,292240,0.16666666666666666,25328,2,0,0,0.8677057939789563,2.2066770019031462e-06,25328.0,3,2,0.0
836635,76941,0.16666666666666666,291279,47,0,0,0.40665171667096445,0.12038902045201975,30039394.739130434,4,2,0.0
836635,390645,0.16666666666666666,19817,47,0,0,0.40665171667096445,0.12038902045201975,30039394.739130434,3,1,0.0
837189,233920,0.33333333333333337,4735294768,3,0,0,0.23064676587324584,0.412557883045558,2367647384.0,3,1,0.0
839424,150547,0.16666666666666666,1888000272,2,0,0,0.7026117472700264,0.16449016028937477,1888000272.0,5,1,0.0
843284,269811,0.16666666666666666,445269,4,0,0,0.6710153639709091,0.04500292320710165,172179562.0,4,1,0.0
850978,377396,0.33333333333333337,2449747076,3,0,0,0.13136504378036307,0.21343179615795477,1224873538.0,4,1,0.0
854743,462188,0.33333333333333337,2765586119,3,0,0,0.26080789724855435,0.24094896105416447,1382793059.5,11,1,0.0
856123,115107,0.16666666666666666,153979,2,0,0,0.49690660209826376,1.3415268401612623e-05,153979.0,2,1,0.0
860113,122219,0.16666666666666666,869736424,2,0,0,0.14996595401474622,0.0757749275330971,869736424.0,3,1,0.0
860361,358348,0.16666666666666666,61414040,2,0,0,0.4213582752572762,0.005350637620892289,61414040.0,6,1,0.0
860576,20208,0.16666666666666666,125190,2,0,0,0.49285756072511333,1.090705519062914e-05,125190.0,3,2,0.0
863219,174724,0.16666666666666666,158170940,8,0,0,0.4922534875470035,0.04614011409181023,75655891.42857143,2,1,0.0
863401,219961,0.16666666666666666,1896014968,2,0,0,0.2096100148088027,0.16518843276807207,1896014968.0,2,1,0.0
863718,410122,0.16666666666666666,196137,2,0,0,0.01318954021272134,1.708824254273047e-05,196137.0,5,1,0.0
867319,449489,0.16666666666666666,9984122,2,0,0,0.49813214006800877,0.0008698567751735329,9984122.0,9,1,0.0
870425,254418,0.16666666666666666,611425,3,0,0,0.008068551555282966,7.276614992670212e-05,417601.0,8,1,0.0
873597,160272,0.16666666666666666,12298,2,0,0,0.09683672723019754,1.0714511121843372e-06,12298.0,9,1,0.0
875968,138196,0.16666666666666666,611642,2,0,0,0.13750470168380957,5.328870557478064e-05,611642.0,3,1,0.0
876553,405928,0.16666666666666666,471,2,0,0,0.7235219400871671,4.103541013488557e-08,471.0,2,1,0.0
881639,325310,0.16666666666666666,17423,2,0,0,0.4470232120981592,1.5179616789386652e-06,17423.0,15,1,0.0
882851,353166,0.16666666666666666,76828677,4,0,0,0.6746381433993207,0.0073715183088184704,28203163.333333332,10,1,0.0
886055,210401,0.33333333333333337,124980721,3,0,0,0.5671324157858777,0.010888821964307231,62490360.5,4,1,0.0
890980,283776,0.16666666666666666,373329,21,0,0,0.5761281187532603,0.09745328232274762,55927911.8,2,2,0.0
894555,268336,0.16666666666666666,184469390,2,0,0,0.6518085731737813,0.016071713537117113,184469390.0,2,1,0.0
896983,236751,0.16666666666666666,104525,2,0,0,0.012912754356676714,9.106637461462663e-06,104525.0,3,2,0.0
899857,219583,0.16666666666666666,144375212,10,0,0,0.5877271375261017,0.976557501041262,1245424599.2222223,2,2,0.0
902372,146100,0.16666666666666666,110782,2,0,0,0.4208649131588942,9.651772410961558e-06,110782.0,4,1,0.0
906708,20513,0.16666666666666666,72712,2,0,0,0.6095695098164668,6.33496123509087e-06,72712.0,2,1,0.0
907144,95981,0.16666666666666666,16318844,2,0,0,0.9123485005578544,0.0014217631772127741,16318844.0,4,1,0.0
907347,251415,0.16666666666666666,6019463,2,0,0,0.599293662706728,0.0005244397728169187,6019463.0,4,1,0.0
907896,86903,0.16666666666666666,36263,2,0,0,0.3166994607480831,3.1593780843340883e-06,36263.0,3,1,0.0
919820,167750,0.16666666666666666,100145,2,0,0,0.1934035969086665,8.725034284412135e-06,100145.0,3,2,0.0
922849,204761,0.5,1130177958,5,0,0,0.4201456503027714,0.570061353447003,1635775642.25,5,1,0.0
928700,461091,0.16666666666666666,251257,6,0,0,0.5371784206790693,0.08148528486994429,187055857.6,4,2,0.0
932756,172282,0.16666666666666666,1171894,2,0,0,0.5841233087694775,0.00010210010812019447,1171894.0,2,1,0.0
941288,188980,0.16666666666666666,370949143,2,0,0,0.3879707255036777,0.03231857796643167,370949143.0,2,1,0.0
944341,379458,0.16666666666666666,1726307529,2,0,0,0.2570918299675924,0.15040283964215684,1726307529.0,2,1,0.0
946665,144635,0.16666666666666666,608904677,2,0,0,0.6171371994500987,0.05305021901007437,608904677.0,5,2,0.0
947389,415224,0.16666666666666666,412770,2,0,0,0.42810162794026496,3.5962178856426156e-05,412770.0,2,1,0.0
951017,240248,0.16666666666666666,2540081,2,0,0,0.9338178768596492,0.00022130205012915133,2540081.0,3,1,0.0
951702,234198,0.16666666666666666,323914,2,0,0,0.012173269937221676,2.8220687555055893e-05,323914.0,3,2,0.0
952688,103956,0.16666666666666666,131314,2,0,0,0.0049808762239820226,1.1440602646395678e-05,131314.0,2,1,0.0
955954,44518,0.16666666666666666,38410,2,0,0,0.7728457937018192,3.3464333402992674e-06,38410.0,2,1,0.0
960130,316373,0.16666666666666666,628156666,2,0,0,0.46467415077151486,0.05472752955047204,628156666.0,2,1,0.0
963192,114781,0.16666666666666666,580633,2,0,0,0.8184525948348949,5.0587077054881134e-05,580633.0,2,1,0.0
968797,407343,0.16666666666666666,2009628255,2,0,0,0.2999720631908218,0.1750868782644998,2009628255.0,3,1,0.0
972095,353910,0.16666666666666666,496529118,4,0,0,0.2695131853230208,0.04325960934404033,165509706.0,4,2,0.0
974458,425228,0.16666666666666666,170347,2,0,0,0.7904444371330897,1.4841314246809666e-05,170347.0,5,2,0.0
974754,11316,0.16666666666666666,3025868950,2,0,0,0.6909040998774287,0.2636258458124534,3025868950.0,2,1,0.0
974794,420960,0.16666666666666666,420026,2,0,0,0.23222867642479628,3.659435069493726e-05,420026.0,18,3,0.5
979780,345807,0.16666666666666666,44165,3,0,0,0.27806763017990477,0.0955680194833646,548459696.5,2,1,0.0
985937,183411,0.16666666666666666,381124051,2,0,0,0.6258855014199156,0.03320505678355424,381124051.0,2,1,0.0
986364,185932,0.16666666666666666,859671421,2,0,0,0.46117097650825656,0.07489802408062608,859671421.0,2,1,0.0
987102,444593,0.33333333333333337,142841556,3,0,0,0.36091526977637045,0.0124449295854888,71420778.0,13,2,0.0
992115,182099,0.16666666666666666,103595815,2,0,0,0.21344960698390025,0.00902568313541981,103595815.0,3,1,0.0
994820,385857,0.16666666666666666,192205876,27,0,0,0.9002054843166434,0.1609134174086117,71036415.53846154,3,1,0.0
997282,114840,0.16666666666666666,3220256,2,0,0,0.06911690008401195,0.0002805616256885904,3220256.0,4,2,0.0
999003,263258,0.16666666666666666,1135318,2,0,0,0.9865322558278251,9.891346021978349e-05,1135318.0,10,1,0.0
1005517,248614,0.16666666666666666,52983916,2,0,0,0.15334584688473285,0.004616171387711945,52983916.0,3,1,0.0
1005673,442159,0.16666666666666666,2575360012,2,0,0,0.2216371759347311,0.22437569923015677,2575360012.0,2,1,0.0
1008735,164863,0.16666666666666666,1576711554,2,0,0,0.5971373780283784,0.13736943796773415,1576711554.0,2,1,0.0
1013493,152800,0.16666666666666666,590426,2,0,0,0.6123287773080364,5.144028251443726e-05,590426.0,2,1,0.0
1015928,176256,0.16666666666666666,331343330,6,0,0,0.6010282026053915,0.2330225648917185,534921560.2,3,1,0.0
1016717,88353,0.16666666666666666,68203166,2,0,0,0.030293727406373705,0.005942133522946248,68203166.0,2,1,0.0
1017137,286620,0.16666666666666666,3702068516,3,0,0,0.6251120240083452,0.32253906560829554,1851034258.0,2,1,0.0
1017704,163210,0.16666666666666666,531011,2,0,0,0.5571542045175448,4.626380928054294e-05,531011.0,2,1,0.0
1019925,75466,0.16666666666666666,303966,3,0,0,0.6977332605028579,0.002421712047527366,13898074.5,2,2,0.0
1021315,303828,0.33333333333333337,325530125,3,0,0,0.4088463756729368,0.0283614908506063,162765062.5,15,1,0.0
1023582,34926,0.16666666666666666,2730306,2,0,0,0.7365203648325576,0.00023787521550687663,2730306.0,2,1,0.0
1032871,44795,0.16666666666666666,690008174,2,0,0,0.8098104911761226,0.06011628113909445,690008174.0,5,1,0.0
1034077,190172,0.16666666666666666,2159164,2,0,0,0.6788379237343918,0.00018811503245961798,2159164.0,7,2,0.0
1037513,271151,0.16666666666666666,553809018,2,0,0,0.957247190675929,0.04825006409772447,553809018.0,3,1,0.0
1037560,97890,0.16666666666666666,113559,2,0,0,0.23206856309268176,9.893715795132634e-06,113559.0,5,1,0.0
1037988,66860,0.16666666666666666,236682,2,0,0,0.4836290158433627,2.0620685650838615e-05,236682.0,3,1,0.0
1039005,62120,0.16666666666666666,204410,2,0,0,0.06446397315937702,1.780901950248824e-05,204410.0,2,1,0.0
1050458,386278,0.16666666666666666,44793445,2,0,0,0.45190289021478236,0.003902584685625137,44793445.0,4,1,0.0
1052034,278050,0.16666666666666666,323808700,3,0,0,0.3379822769313563,0.028212047902304246,161907417.5,2,1,0.0
1058521,295066,0.16666666666666666,16864101,2,0,0,0.5639794737145536,0.0014692681551828745,16864101.0,2,1,0.0
1060140,110376,0.16666666666666666,175138132,2,0,0,0.9311551297681433,0.015258736893583286,175138132.0,6,2,0.0
1062432,180751,0.16666666666666666,99851,2,0,0,0.4650224892652517,8.699419824582715e-06,99851.0,13,2,0.0
1065276,457464,0.5,212638293,4,0,0,0.8270647277178398,0.018525901408995685,70879431.0,4,1,0.0
1065446,369447,0.16666666666666666,201488,2,0,0,0.08575208036624815,1.75544431364285e-05,201488.0,21,3,1.0
1067674,458803,0.16666666666666666,496345,2,0,0,0.22386736638402738,4.324356824501015e-05,496345.0,5,1,0.0
1067815,367740,0.16666666666666666,84060,2,0,0,0.07694952125240206,7.323644534901234e-06,84060.0,2,2,0.0
1069796,63119,0.16666666666666666,98451,2,0,0,0.10855255533699903,8.577446206347388e-06,98451.0,8,1,0.0
1070582,31331,0.16666666666666666,2050,2,0,0,0.11199118477965442,1.7860422670173125e-07,2050.0,4,2,0.0
1071608,379935,0.16666666666666666,812727,2,0,0,0.11222661322125305,7.080803773395998e-05,812727.0,2,1,0.0
1076611,73913,0.16666666666666666,548624,2,0,0,0.33398755383252876,4.77983245219564e-05,548624.0,2,2,1.0
1082871,228644,0.16666666666666666,426294,2,0,0,0.8837023255705247,3.714044400857943e-05,426294.0,7,1,0.0
1083630,30024,0.16666666666666666,403933126,2,0,0,0.25617535416434123,0.035192274930947794,403933126.0,9,1,0.0
1086592,292072,0.16666666666666666,2246562917,2,0,0,0.17418937990886718,0.1957295768427174,2246562917.0,2,1,0.0
1086719,412905,0.6666666666666666,3891882773,5,0,0,0.1735416872369484,0.3390764454075388,972970693.25,5,1,0.0
1089235,291877,0.9999999999999999,3537911252,7,0,0,0.3527902830112879,0.30823702600137265,589651875.3333334,18,2,0.0
1089705,357188,0.16666666666666666,431078105,2,0,0,0.3414048848319027,0.03755725443491352,431078105.0,3,1,0.0
1090460,190034,0.16666666666666666,5370971803,5,0,0,0.23621167702188473,0.4679406173227406,1342742950.75,2,1,0.0
1090460,228066,0.16666666666666666,406667265,5,0,0,0.23621167702188473,0.4679406173227406,1342742950.75,3,2,0.0
1094999,441782,0.16666666666666666,29122025,3,0,0,0.16978588470254863,0.005142380823481432,29511845.5,2,2,0.0
1098504,39027,0.16666666666666666,8253219,2,0,0,0.4967750273477094,0.0007190535596561151,8253219.0,2,1,0.0
1098890,6605,0.16666666666666666,5622257461,2,0,0,0.7416586334250184,0.48983363226338733,5622257461.0,4,1,0.0
1101808,240170,0.16666666666666666,31,2,0,0,0.5561841564452408,2.7008444037822777e-09,31.0,7,1,0.0
1105097,240088,0.33333333333333337,8787847463,3,0,0,0.3772313102924585,0.7656325368301883,4393923731.5,3,1,0.0
1108906,407485,0.16666666666666666,601076483,2,0,0,0.0683266366167885,0.052368195334054304,601076483.0,3,1,0.0
1110471,141157,0.16666666666666666,958496,2,0,0,0.7672328018341972,8.350801798863542e-05,958496.0,3,2,0.0
1111049,303637,0.16666666666666666,1780090,2,0,0,0.6800082172347146,0.00015508858434609015,1780090.0,3,1,0.0
1115272,366809,0.16666666666666666,3418774,2,0,0,0.33969307230329093,0.000297857310506334,3418774.0,5,2,0.0
1115341,15948,0.16666666666666666,164422,2,0,0,0.999595780179888,1.432510446963515e-05,164422.0,13,1,0.0
1116235,286481,0.16666666666666666,7149465103,2,0,0,0.4872740592437168,0.6228900907572333,7149465103.0,6,1,0.0
1119917,279585,0.16666666666666666,944771691,15,0,0,0.4835298159275254,0.8510992858534303,697773254.7142857,3,1,0.0
1121532,385708,0.16666666666666666,397099,2,0,0,0.3167535970293329,3.45968584483077e-05,397099.0,2,1,0.0
1124991,163990,0.16666666666666666,46551395,2,0,0,0.0232422448608105,0.004055744344322848,46551395.0,2,1,0.0
1126939,80435,0.16666666666666666,212417750,2,0,0,0.5787682529490752,0.018506686817791062,212417750.0,10,2,0.0
1128692,351264,0.16666666666666666,754926676,2,0,0,0.47717353073028335,0.06577224155292118,754926676.0,3,1,0.0
1136087,420271,0.16666666666666666,41121,2,0,0,0.7515961584683879,3.5826265396106786e-06,41121.0,2,1,0.0
1137214,189444,0.16666666666666666,6915060222,2,0,0,0.4093783328861207,0.6024677968518107,6915060222.0,2,1,0.0
1140406,46156,0.16666666666666666,622694,2,0,0,0.6444521869037203,5.4251600166735536e-05,622694.0,11,2,0.0
1142436,123629,0.16666666666666666,564472630,2,0,0,0.34963103441523913,0.04917912076850852,564472630.0,2,1,0.0
1142493,428326,0.16666666666666666,15599,2,0,0,0.06647896105832274,1.359047479180637e-06,15599.0,2,1,0.0
1143244,50186,0.16666666666666666,270785287,2,0,0,0.7896091403797669,0.023591900871629934,270785287.0,2,1,0.0
1146172,26210,0.16666666666666666,331197,2,0,0,0.33048485387799076,2.8855211741918677e-05,331197.0,8,1,0.0
1146512,193623,0.16666666666666666,970881378,2,0,0,0.36512214975681445,0.08458708182282987,970881378.0,2,1,0.0
1146730,134620,0.16666666666666666,367326,2,0,0,0.26099600336470985,3.2002915208507385e-05,367326.0,5,1,0.0
1148273,168661,0.16666666666666666,212769,2,0,0,0.6711290708491191,1.8537289127366175e-05,212769.0,2,1,0.0
1150086,210984,0.16666666666666666,26144617,98,0,0,0.61223697079933,0.7330083599748248,86735986.48453608,6,3,1.0
1150086,320829,0.16666666666666666,449993,98,0,0,0.61223697079933,0.7330083599748248,86735986.48453608,2,1,0.0
1150086,443300,0.16666666666666666,14649,98,0,0,0.61223697079933,0.7330083599748248,86735986.48453608,2,1,0.0
1150554,26210,0.16666666666666666,74007,2,0,0,0.07960522919981372,6.447786831958549e-06,74007.0,8,1,0.0
1153564,208939,0.16666666666666666,179382693,2,0,0,0.6280464277396618,0.01562854008143369,179382693.0,5,1,0.0
1157071,267815,0.16666666666666666,871662869,5,0,0,0.38349705063313877,0.10572152741072074,303365064.75,4,1,0.0
1159614,55409,0.16666666666666666,1559798,2,0,0,0.7763993968798957,0.00013589586126873512,1559798.0,2,1,0.0
1159641,413649,0.16666666666666666,581719,2,0,0,0.021358803320993047,5.068169373302654e-05,581719.0,4,1,0.0
1159686,450082,0.33333333333333337,773558092,3,0,0,0.9420882730587863,0.06739548528318375,386779046.0,13,2,0.0
1161163,221980,0.16666666666666666,133331,29,0,0,0.20001255561591336,0.3313939645070507,135846574.57142857,4,1,0.0
1163126,267641,0.16666666666666666,6083172,2,0,0,0.12109035459620543,0.0005299903565627433,6083172.0,3,1,0.0
1163432,61303,0.16666666666666666,339702,2,0,0,0.863525112475287,2.95962014726983e-05,339702.0,14,3,1.0
1167512,288175,0.16666666666666666,85604002,2,0,0,0.4239791111967435,0.007458164185260223,85604002.0,4,2,0.0
1172198,414460,0.16666666666666666,949017827,2,0,0,0.25369200061433617,0.08268224152072799,949017827.0,5,1,0.0
1172253,220513,0.16666666666666666,2965796040,2,0,0,0.33931159330104776,0.2583920528191497,2965796040.0,3,1,0.0
1172695,267236,0.16666666666666666,253455274,2,0,0,0.7112965960422457,0.022082040593290445,253455274.0,3,1,0.0
1173531,355325,0.16666666666666666,253734218,3,0,0,0.14336724827127512,0.11218964210452236,643850290.0,5,1,0.0
1174103,78887,0.16666666666666666,437409282,2,0,0,0.6857484915056915,0.03810885198232659,437409282.0,2,1,0.0
1177337,216008,0.16666666666666666,294790324,2,0,0,0.9471085883399866,0.025683316027889175,294790324.0,3,2,0.0
1178626,213102,0.16666666666666666,2290211024,2,0,0,0.2937590507797836,0.19953237508551225,2290211024.0,3,1,0.0
1182310,200242,0.16666666666666666,50960,2,0,0,0.17929493495454096,4.439839703765963e-06,50960.0,8,1,0.0
1183161,206765,0.16666666666666666,345609079,2,0,0,0.1982361454288224,0.03011084990043539,345609079.0,3,1,0.0
1188390,240265,0.16666666666666666,719359,2,0,0,0.7726984318515804,6.267344288581986e-05,719359.0,2,1,0.0
1190664,141241,0.16666666666666666,102838179,2,0,0,0.1257378732690455,0.008959674846687424,102838179.0,3,1,0.0
1192154,211418,0.16666666666666666,407464,2,0,0,0.39098586938510493,3.549989884331426e-05,407464.0,11,3,1.0
1197391,406714,0.16666666666666666,7730786,2,0,0,0.775366948399224,0.0006735371001593025,7730786.0,2,2,0.0
1199794,423596,0.16666666666666666,21711,2,0,0,0.2802528232272721,1.891549446790872e-06,21711.0,2,1,0.0
1201707,17756,0.16666666666666666,80086,2,0,0,0.12325992407068043,6.977413707138951e-06,80086.0,2,1,0.0
1210569,168697,0.16666666666666666,17889658,2,0,0,0.1350062661647229,0.0015586187966089952,17889658.0,2,1,0.0
1211293,278676,0.16666666666666666,2940411529,2,0,0,0.45585425506561705,0.2561804523521465,2940411529.0,2,1,0.0
1216885,164828,0.16666666666666666,113532856,2,0,0,0.538389883100507,0.009891438024936102,113532856.0,3,1,0.0
1217330,374759,0.16666666666666666,1483445,2,0,0,0.6954821739653312,0.00012924368150221937,1483445.0,7,2,0.0
1217685,165302,0.16666666666666666,71533873,2,0,0,0.03973021305024815,0.00623231808299749,71533873.0,6,1,0.0
1228796,354023,0.16666666666666666,108123,2,0,0,0.07136335995167542,9.420109660327458e-06,108123.0,5,2,0.0
1230513,364731,0.16666666666666666,136250,2,0,0,0.11354231228945366,1.1870646774688236e-05,136250.0,3,1,0.0
1241183,332569,0.16666666666666666,279943004,2,0,0,0.9660309426729157,0.02438975792681935,279943004.0,3,1,0.0
1245481,447661,0.16666666666666666,697988,2,0,0,0.8756212904276168,6.0811515603457564e-05,697988.0,21,1,0.0
1247065,12829,0.16666666666666666,224891947,2,0,0,0.22578524651174803,0.019593488919698407,224891947.0,2,1,0.0
1258228,322920,0.16666666666666666,68986212,2,0,0,0.17474070265949138,0.006010355632849606,68986212.0,4,1,0.0
1263603,421884,0.33333333333333337,125529891,5,0,0,0.16566214815382807,0.0109366678585403,31382472.75,9,1,0.0
1271561,425228,0.16666666666666666,32329,2,0,0,0.7944732985780689,2.8166322170928146e-06,32329.0,5,2,0.0
1271881,310514,0.16666666666666666,412782,2,0,0,0.4842569645317525,3.5963224344582456e-05,412782.0,4,2,0.0
1272794,413901,0.33333333333333337,3962873367,3,0,0,0.7413161184862815,0.34526143084386396,1981436683.5,3,1,0.0
1275180,89333,0.16666666666666666,118694933,2,0,0,0.07215673435572967,0.010341178888721367,118694933.0,2,1,0.0
1275752,237587,0.16666666666666666,550182,2,0,0,0.672390024205967,4.793406373424971e-05,550182.0,2,1,0.0
1277142,236180,0.16666666666666666,2427250,2,0,0,0.8971990227887119,0.00021147176061550108,2427250.0,2,2,1.0
1278236,242428,0.16666666666666666,3662482445,2,0,0,0.18645201464268268,0.3190901682428737,3662482445.0,2,1,0.0
1280840,342108,0.16666666666666666,3552376,2,0,0,0.6092151558215733,0.0003094972528945314,3552376.0,2,1,0.0
1282931,73564,0.16666666666666666,41015,2,0,0,0.3433650954408449,3.5733913942300036e-06,41015.0,2,1,0.0
1284933,268883,0.16666666666666666,518782,2,0,0,0.8629740606803438,4.519836972525734e-05,518782.0,16,2,0.0
1287023,395170,0.16666666666666666,992534,2,0,0,0.9540750524092232,8.647354514398837e-05,992534.0,2,1,0.0
1293358,210524,0.16666666666666666,205857,15,0,0,0.6340869651086365,0.04002371233004249,32813417.285714287,4,2,0.0
1293381,398579,0.16666666666666666,1368380593,2,0,0,0.36538858549188546,0.11921880860801047,1368380593.0,8,1,0.0
1297062,83833,0.16666666666666666,123887,36,0,0,0.530812286148219,0.23449033172590894,76898704.85714285,2,1,0.0
1297479,403965,0.16666666666666666,42480702,4,0,0,0.5696350986815872,0.24762114336145863,947389568.6666666,4,1,0.0
1305418,108822,0.16666666666666666,8880909360,2,0,0,0.5160565209934731,0.7737404627565693,8880909360.0,2,1,0.0
1306758,124264,0.16666666666666666,131480,2,0,0,0.3764448959950357,1.1455065232557867e-05,131480.0,2,1,0.0
1311615,379650,0.16666666666666666,513768,2,0,0,0.10175022158800573,4.476152992394881e-05,513768.0,2,1,0.0
1312122,231478,0.16666666666666666,185194146,3,0,0,0.10864206046915115,0.03296239427777965,189169398.5,3,1,0.0
1312271,415781,0.16666666666666666,80432933,2,0,0,0.7113481934088526,0.007007639902349835,80432933.0,7,1,0.0
1317031,280571,0.16666666666666666,191624,2,0,0,0.3669827250867854,1.6695051871947586e-05,191624.0,3,1,0.0
1317800,445351,0.16666666666666666,16886,2,0,0,0.6066595872791538,1.471176083944114e-06,16886.0,21,2,0.0
1318154,274242,0.16666666666666666,229261,2,0,0,0.07009906382964459,1.9974138350178348e-05,229261.0,2,2,0.0
1332095,158498,0.16666666666666666,86038011,9,0,0,0.6614937095923921,0.20327783492435886,291650125.875,3,1,0.0
1332095,408907,0.33333333333333337,2140691903,9,0,0,0.6614937095923921,0.20327783492435886,291650125.875,4,2,0.0
1334243,138427,0.16666666666666666,611570820,2,0,0,0.8436761570849285,0.0532825040875335,611570820.0,15,2,0.0
1335508,441645,0.16666666666666666,93024727,4,0,0,0.48623190771074576,0.18999348246255446,726908215.3333334,6,1,0.0
1335622,277762,0.16666666666666666,16467225,2,0,0,0.36200984715057416,0.0014346907253894715,16467225.0,8,2,0.0
1338195,428556,0.16666666666666666,86716919,2,0,0,0.7480150985604155,0.007555125980464227,86716919.0,10,2,0.0
1344255,330469,0.16666666666666666,477006,2,0,0,0.6794685643659477,4.155867695711513e-05,477006.0,6,1,0.0
1346513,86315,0.16666666666666666,883849125,2,0,0,0.6805490723146619,0.07700448267884234,883849125.0,6,2,0.0
1346802,283981,0.16666666666666666,5735404,2,0,0,0.7355186352857856,0.0004996914128009835,5735404.0,2,1,0.0
1349331,290172,0.33333333333333337,1305030715,3,0,0,0.34044385146314937,0.11369951301199144,652515357.5,4,1,0.0
1349401,237217,0.16666666666666666,46814303,2,0,0,0.2705837167475238,0.004078649944339287,46814303.0,3,1,0.0
1349607,338308,0.16666666666666666,47,2,0,0,0.013067298398496519,4.0948286121860335e-09,47.0,2,1,0.0
1350449,75779,0.16666666666666666,304910908,2,0,0,0.9544198220967388,0.02656506192012816,304910908.0,6,1,0.0
1352054,163174,0.16666666666666666,586401,2,0,0,0.2375815241304906,5.108960836201069e-05,586401.0,2,1,0.0
1353280,263245,0.33333333333333337,154544590,3,0,0,0.8728861045952101,0.013464544872139566,77272295.0,5,1,0.0
1356740,444323,0.16666666666666666,15839331,2,0,0,0.3250754062954542,0.0013799860803550047,15839331.0,3,1,0.0
1360349,457045,0.16666666666666666,3799551110,2,0,0,0.6376499948602117,0.3310321403976852,3799551110.0,6,1,0.0
1363344,227667,0.16666666666666666,34937504,2,0,0,0.3042289126790223,0.0030438955535651915,34937504.0,4,1,0.0
1372364,316753,0.16666666666666666,18047,2,0,0,0.4178669198784206,1.5723270630664118e-06,18047.0,10,2,0.0
1377272,88453,0.16666666666666666,8508742,2,0,0,0.03648288259171295,0.000741315748836362,8508742.0,2,2,1.0
1378003,340749,0.16666666666666666,359592,3,0,0,0.3167152670828983,0.015043549032440219,86334114.5,6,1,0.0
1386087,391917,0.16666666666666666,247206,2,0,0,0.17477810762702006,2.1537578763916184e-05,247206.0,5,1,0.0
1389848,8497,0.16666666666666666,366396104,2,0,0,0.6929389732221551,0.03192189893729127,366396104.0,5,1,0.0
